{"entities":{"pages":{"starter-topic":{"id":"starter-topic","title":"About BFG Admin","url":"starter-topic.html","level":0,"tabIndex":0},"Install":{"id":"Install","title":"Installation Guide","url":"install.html","level":0,"pages":["Application-files","Dependencies"],"tabIndex":1},"Application-files":{"id":"Application-files","title":"Application files","url":"application-files.html","level":1,"parentId":"Install","tabIndex":0},"Dependencies":{"id":"Dependencies","title":"Dependencies","url":"dependencies.html","level":1,"parentId":"Install","tabIndex":1},"Setting":{"id":"Setting","title":"Settings","url":"setting.html","level":0,"tabIndex":2},"Commands":{"id":"Commands","title":"Commands","url":"commands.html","level":0,"tabIndex":3},"Controller":{"id":"Controller","title":"Controller","url":"controller.html","level":0,"tabIndex":4},"Navigation":{"id":"Navigation","title":"Navigation","url":"navigation.html","level":0,"tabIndex":5},"Page":{"id":"Page","title":"Page","url":"page.html","level":0,"pages":["Component","GRID-Column","Modal-window","Card","Search-form","Model-table","Model-cards","Form","Model-info-table","Nested-and-sortable","Interactive-elements","Tabs","Buttons","Graph","Period-statistics","Alert","Small-box","Simple-table","Sortable-timeline-table"],"tabIndex":6},"Component":{"id":"Component","title":"Component","url":"component.html","level":1,"parentId":"Page","tabIndex":0},"GRID-Column":{"id":"GRID-Column","title":"GRID Column","url":"grid-column.html","level":1,"parentId":"Page","tabIndex":1},"Modal-window":{"id":"Modal-window","title":"Modal window","url":"modal-window.html","level":1,"parentId":"Page","tabIndex":2},"Card":{"id":"Card","title":"Card","url":"card.html","level":1,"parentId":"Page","tabIndex":3},"Search-form":{"id":"Search-form","title":"Search form","url":"search-form.html","level":1,"parentId":"Page","tabIndex":4},"Model-table":{"id":"Model-table","title":"Model table","url":"model-table.html","level":1,"parentId":"Page","tabIndex":5},"Model-cards":{"id":"Model-cards","title":"Model cards","url":"model-cards.html","level":1,"parentId":"Page","tabIndex":6},"Form":{"id":"Form","title":"Form","url":"form.html","level":1,"parentId":"Page","pages":["Amount","Autocomplete","Checks","Ckeditor","Codemirror","Color","Date","Date-range","Date-time","Date-time-range","Dual-select","Email","File","Hidden","Icon","Image","Simple-input-field","Info","MDeditor","Multi-select","Number","Numeric","Password","Percent","Radios","Rating","Select","Select-tags","Switcher","Textarea","Time","Slider","Model-relation","Multilanguage"],"tabIndex":7},"Amount":{"id":"Amount","title":"Amount","url":"amount.html","level":2,"parentId":"Form","tabIndex":0},"Autocomplete":{"id":"Autocomplete","title":"Autocomplete","url":"autocomplete.html","level":2,"parentId":"Form","tabIndex":1},"Checks":{"id":"Checks","title":"Checks","url":"checks.html","level":2,"parentId":"Form","tabIndex":2},"Ckeditor":{"id":"Ckeditor","title":"Ckeditor","url":"ckeditor.html","level":2,"parentId":"Form","tabIndex":3},"Codemirror":{"id":"Codemirror","title":"Codemirror","url":"codemirror.html","level":2,"parentId":"Form","tabIndex":4},"Color":{"id":"Color","title":"Color","url":"color.html","level":2,"parentId":"Form","tabIndex":5},"Date":{"id":"Date","title":"Date","url":"date.html","level":2,"parentId":"Form","tabIndex":6},"Date-range":{"id":"Date-range","title":"Date range","url":"date-range.html","level":2,"parentId":"Form","tabIndex":7},"Date-time":{"id":"Date-time","title":"Date time","url":"date-time.html","level":2,"parentId":"Form","tabIndex":8},"Date-time-range":{"id":"Date-time-range","title":"Date time range","url":"date-time-range.html","level":2,"parentId":"Form","tabIndex":9},"Dual-select":{"id":"Dual-select","title":"Dual select","url":"dual-select.html","level":2,"parentId":"Form","tabIndex":10},"Email":{"id":"Email","title":"Email","url":"email.html","level":2,"parentId":"Form","tabIndex":11},"File":{"id":"File","title":"File","url":"file.html","level":2,"parentId":"Form","tabIndex":12},"Hidden":{"id":"Hidden","title":"Hidden","url":"hidden.html","level":2,"parentId":"Form","tabIndex":13},"Icon":{"id":"Icon","title":"Icon","url":"icon.html","level":2,"parentId":"Form","tabIndex":14},"Image":{"id":"Image","title":"Image","url":"image.html","level":2,"parentId":"Form","tabIndex":15},"Simple-input-field":{"id":"Simple-input-field","title":"Input","url":"simple-input-field.html","level":2,"parentId":"Form","tabIndex":16},"Info":{"id":"Info","title":"Info","url":"info.html","level":2,"parentId":"Form","tabIndex":17},"MDeditor":{"id":"MDeditor","title":"MDeditor","url":"mdeditor.html","level":2,"parentId":"Form","tabIndex":18},"Multi-select":{"id":"Multi-select","title":"Multi select","url":"multi-select.html","level":2,"parentId":"Form","tabIndex":19},"Number":{"id":"Number","title":"Number","url":"number.html","level":2,"parentId":"Form","tabIndex":20},"Numeric":{"id":"Numeric","title":"Numeric","url":"numeric.html","level":2,"parentId":"Form","tabIndex":21},"Password":{"id":"Password","title":"Password","url":"password.html","level":2,"parentId":"Form","tabIndex":22},"Percent":{"id":"Percent","title":"Percent","url":"percent.html","level":2,"parentId":"Form","tabIndex":23},"Radios":{"id":"Radios","title":"Radios","url":"radios.html","level":2,"parentId":"Form","tabIndex":24},"Rating":{"id":"Rating","title":"Rating","url":"rating.html","level":2,"parentId":"Form","tabIndex":25},"Select":{"id":"Select","title":"Select","url":"select.html","level":2,"parentId":"Form","tabIndex":26},"Select-tags":{"id":"Select-tags","title":"Select tags","url":"select-tags.html","level":2,"parentId":"Form","tabIndex":27},"Switcher":{"id":"Switcher","title":"Switcher","url":"switcher.html","level":2,"parentId":"Form","tabIndex":28},"Textarea":{"id":"Textarea","title":"Textarea","url":"textarea.html","level":2,"parentId":"Form","tabIndex":29},"Time":{"id":"Time","title":"Time","url":"time.html","level":2,"parentId":"Form","tabIndex":30},"Slider":{"id":"Slider","title":"Slider","url":"slider.html","level":2,"parentId":"Form","tabIndex":31},"Model-relation":{"id":"Model-relation","title":"Model relation","url":"model-relation.html","level":2,"parentId":"Form","tabIndex":32},"Multilanguage":{"id":"Multilanguage","title":"Multi language","url":"multilanguage.html","level":2,"parentId":"Form","tabIndex":33},"Model-info-table":{"id":"Model-info-table","title":"Model info table","url":"model-info-table.html","level":1,"parentId":"Page","tabIndex":8},"Nested-and-sortable":{"id":"Nested-and-sortable","title":"Nested and sortable","url":"nested-and-sortable.html","level":1,"parentId":"Page","tabIndex":9},"Interactive-elements":{"id":"Interactive-elements","title":"Interactive elements","url":"interactive-elements.html","level":1,"parentId":"Page","tabIndex":10},"Tabs":{"id":"Tabs","title":"Tabs","url":"tabs.html","level":1,"parentId":"Page","tabIndex":11},"Buttons":{"id":"Buttons","title":"Buttons","url":"buttons.html","level":1,"parentId":"Page","tabIndex":12},"Graph":{"id":"Graph","title":"Graph","url":"graph.html","level":1,"parentId":"Page","tabIndex":13},"Period-statistics":{"id":"Period-statistics","title":"Period statistics","url":"period-statistics.html","level":1,"parentId":"Page","tabIndex":14},"Alert":{"id":"Alert","title":"Alert","url":"alert.html","level":1,"parentId":"Page","tabIndex":15},"Small-box":{"id":"Small-box","title":"Small box","url":"small-box.html","level":1,"parentId":"Page","tabIndex":16},"Simple-table":{"id":"Simple-table","title":"Simple table","url":"simple-table.html","level":1,"parentId":"Page","tabIndex":17},"Sortable-timeline-table":{"id":"Sortable-timeline-table","title":"Sortable timeline table","url":"sortable-timeline-table.html","level":1,"parentId":"Page","tabIndex":18},"Extending":{"id":"Extending","title":"Extending","url":"extending.html","level":0,"pages":["Component-extending","Register-new-form-component","Model-table-extending"],"tabIndex":7},"Component-extending":{"id":"Component-extending","title":"Register new component","url":"component-extending.html","level":1,"parentId":"Extending","tabIndex":0},"Register-new-form-component":{"id":"Register-new-form-component","title":"Register new form component","url":"register-new-form-component.html","level":1,"parentId":"Extending","tabIndex":1},"Model-table-extending":{"id":"Model-table-extending","title":"Model table extending","url":"model-table-extending.html","level":1,"parentId":"Extending","tabIndex":2},"Helpers":{"id":"Helpers","title":"Helpers","url":"helpers.html","level":0,"tabIndex":8},"IDE-Helpers":{"id":"IDE-Helpers","title":"IDE-Helpers","url":"ide-helpers.html","level":0,"tabIndex":9},"Examples":{"id":"Examples","title":"Examples","url":"examples.html","level":0,"tabIndex":10},"Implementations":{"id":"Implementations","title":"Implementations","url":"implementations.html","level":0,"tabIndex":11},"Admin-extensions":{"id":"Admin-extensions","title":"Admin extensions","url":"admin-extensions.html","level":0,"tabIndex":12}}},"topLevelIds":["starter-topic","Install","Setting","Commands","Controller","Navigation","Page","Extending","Helpers","IDE-Helpers","Examples","Implementations","Admin-extensions"]}